Altium Designer Pick and Place Locations
C:\Users\MustafaJ\Documents\Altium\Projects\VOXL Underbelly PCB\Project Outputs for VOXL Underbelly PCB\Pick Place for VOXL Underbelly PCB Modified 11-08-2021.csv

========================================================================================================================
File Design Information:

Date:       26-08-21
Time:       01:08
Revision:   Not in VersionControl
Variant:    No variations
Units used: mm

"Designator","Comment","Layer","Footprint","Footprint Description","Center-X(mm)","Center-Y(mm)","Rotation","Description","ComponentKind","Height(mm)","Ref-X(mm)","Ref-Y(mm)","Pad-X(mm)","Pad-Y(mm)","Variation","Availability","Check_prices","Digi-Key_Part_Number","Digi-Key_Purchase_URL","MF","MP","Package","Price","Purchase-URL","SnapEDA_Link","Value"
"","HDR8X3","TopLayer","HDR8X3","","30.8930mm","-160.9900mm","360","","Standard","0.0000mm","30.8930mm","-160.9900mm","26.4480mm","-159.7200mm","Fitted","","","","","","","","","","",""
"12V PWR","BM02B-GHS-TBT(LF)(SN)","TopLayer","JST_BM02B-GHS-TBT(LF)(SN)","","45.0000mm","-143.3300mm","360","Connector Header Surface Mount 2 position 0.049 (1.25mm)","Standard","0.0000mm","45.0000mm","-145.0050mm","45.6250mm","-141.6550mm","Fitted","Warning","https://www.snapeda.com/parts/BM02B-GHS-TBT(LF)(SN)/JST/view-part/4833827/?ref=eda","","","JST Corporation","BM02B-GHS-TBT(LF)(SN)","None","None","","https://www.snapeda.com/parts/BM02B-GHS-TBT(LF)(SN)/JST/view-part/4833827/?ref=snap",""
"5V_PWR","BM02B-GHS-TBT(LF)(SN)","TopLayer","JST_BM02B-GHS-TBT(LF)(SN)","","45.0000mm","-154.6800mm","180","Connector Header Surface Mount 2 position 0.049 (1.25mm)","Standard","0.0000mm","45.0000mm","-153.0050mm","44.3750mm","-156.3550mm","Fitted","Warning","https://www.snapeda.com/parts/BM02B-GHS-TBT(LF)(SN)/JST/view-part/4833827/?ref=eda","","","JST Corporation","BM02B-GHS-TBT(LF)(SN)","None","None","","https://www.snapeda.com/parts/BM02B-GHS-TBT(LF)(SN)/JST/view-part/4833827/?ref=snap",""
"J1013","BM04B-GHS-TBT(LF)(SN)(N)","TopLayer","JST_BM04B-GHS-TBT(LF)(SN)(N)","","18.0000mm","-184.3300mm","180","Connector Header Surface Mount 4 position 0.049 _1.25mm_","Standard","0.0000mm","18.0000mm","-182.6550mm","16.1250mm","-186.0050mm","Fitted","","","455-1580-1-ND","https://www.digikey.com/product-detail/en/jst-sales-america-inc/BM04B-GHS-TBT_LF__SN__N_/455-1580-1-ND/807848?utm_source=snapeda&utm_medium=aggregator&utm_campaign=symbol","JST Sales","BM04B-GHS-TBT_LF__SN__N_","None","","","https://www.snapeda.com/parts/BM04B-GHS-TBT%28LF%29%28SN%29%28N%29/JST%20Sales%20America%20Inc./view-part/841999/?ref=snap",""
"Regulator 12V","2851","TopLayer","VREG_2851","","30.8549mm","-115.5400mm","270","Description: Pololu 5V, 5A Step-Down Voltage Regulator D24V50F5","Standard","0.0000mm","31.0000mm","-116.0050mm","24.1999mm","-123.9550mm","Fitted","Bad","https://www.snapeda.com/parts/2851/Pololu/view-part/5532918/?ref=eda","","","Pololu","2851","Package","None","https://pricing.snapeda.com/search/part/2851/?ref=eda","https://www.snapeda.com/parts/2851/Pololu/view-part/5532918/?ref=snap",""
"Spare-1","BM06B-GHS-TBT(LF)(SN)(N)","TopLayer","JST_BM06B-GHS-TBT(LF)(SN)(N)","","37.5000mm","-173.8300mm","360","Connector Header Surface Mount 6 position 0.049 _1.25mm_","Standard","0.0000mm","37.5000mm","-175.5050mm","40.6250mm","-172.1550mm","Fitted","","","455-1582-1-ND","https://www.digikey.com/product-detail/en/jst-sales-america-inc/BM06B-GHS-TBT_LF__SN__N_/455-1582-1-ND/807850?utm_source=snapeda&utm_medium=aggregator&utm_campaign=symbol","JST Sales","BM06B-GHS-TBT_LF__SN__N_","None","","","https://www.snapeda.com/parts/BM06B-GHS-TBT%28LF%29%28SN%29%28N%29/JST%20Sales%20America%20Inc./view-part/584974/?ref=snap",""
"Regulator 5V","2851","TopLayer","VREG_2851","","30.8650mm","-141.4200mm","270","Description: Pololu 5V, 5A Step-Down Voltage Regulator D24V50F5","Standard","0.0000mm","31.0100mm","-141.8850mm","24.2100mm","-149.8350mm","Fitted","Bad","https://www.snapeda.com/parts/2851/Pololu/view-part/5532918/?ref=eda","","","Pololu","2851","Package","None","https://pricing.snapeda.com/search/part/2851/?ref=eda","https://www.snapeda.com/parts/2851/Pololu/view-part/5532918/?ref=snap",""
"Pixhawk_PWR","BM06B-GHS-TBT(LF)(SN)(N)","TopLayer","JST_BM06B-GHS-TBT(LF)(SN)(N)","","19.2500mm","-175.1800mm","180","Connector Header Surface Mount 6 position 0.049 _1.25mm_","Standard","0.0000mm","19.2500mm","-173.5050mm","16.1250mm","-176.8550mm","Fitted","","","455-1582-1-ND","https://www.digikey.com/product-detail/en/jst-sales-america-inc/BM06B-GHS-TBT_LF__SN__N_/455-1582-1-ND/807850?utm_source=snapeda&utm_medium=aggregator&utm_campaign=symbol","JST Sales","BM06B-GHS-TBT_LF__SN__N_","None","","","https://www.snapeda.com/parts/BM06B-GHS-TBT%28LF%29%28SN%29%28N%29/JST%20Sales%20America%20Inc./view-part/584974/?ref=snap",""
"J1007","BM10B-GHS-TBT_(LF)(SN)(N)","TopLayer","JST_BM10B-GHS-TBT_(LF)(SN)(N)","","40.0000mm","-184.3300mm","180","PWM Out Connector","Standard","0.0000mm","40.0000mm","-182.6550mm","45.6250mm","-186.0050mm","Fitted","Warning","https://www.snapeda.com/parts/BM10B-GHS-TBT%20(LF)(SN)(N)/JST%20Sales%20America%20Inc./view-part/2886742/?ref=eda","","","JST Sales","BM10B-GHS-TBT (LF)(SN)(N)","None","None","","https://www.snapeda.com/parts/BM10B-GHS-TBT%20(LF)(SN)(N)/JST%20Sales%20America%20Inc./view-part/2886742/?ref=snap",""
